Modern English Word,Semantic Field,PIE Root,Proto-Germanic,"Old English
(Anglo-Saxon)
450–1150 CE","Old Norse
800–1300 CE","Middle English
1150–1500 CE","Classical Latin
75 BCE–200 CE","Vulgar / Medieval Latin
200–1500 CE","Ancient Greek
800–300 BCE","Old French /
Anglo-Norman
900–1400 CE",Sanskrit,Arabic,Persian / Avestan,Hebrew / Aramaic,"Celtic
(Old Irish / Welsh)",Meaning Drift Notes,Brand Name Candidates,Tone / Register,"Syllables
(Mod. EN)"
Abundance,Plenty / Overflow,"*wed- (water, wave)",—,—,—,habundance,abundantia,—,perisseia (περισσεία),abondance,pūrṇatā (पूर्णता),—,—,—,—,"ab+unda=overflow from waves; rich watery root gives flooding, overflowing imagery",ABUNDA · UNDHA · ABUNDIS,Latin,3
Accomplishment,Achievement / Completion,*pleh₁- (to fill),—,—,—,acomplisshment,complementum,—,plērōsis (πλήρωσις),acomplissement,sampūrti (संपूर्ति),—,—,—,—,From à chef=to a head; the completion metaphor via Latin caput (head); brought to its crown,COMPLEN · PLEROS · PLENOR,French/Latin,4
Achievement,Mastery / Attainment,*kaput- (head),—,—,—,achevement,—,—,—,achever (to finish),siddhi (सिद्धि),—,—,—,—,"Old French achever=to finish, from à chef=to a head; reaching the very top",ACHEV · KAPHOS · SIDDH,French,3
Acme,Peak / Summit / Prime,"*ak- (sharp, pointed)",—,—,—,acme,—,—,akmē (ἀκμή),—,agra (अग्र),—,—,—,—,"Directly from Greek; the sharpest/highest point; same root as acid, acute, acne",AKME · AKRA · AKMIS,Greek,2
Actualization,Realization / Becoming,"*ag- (to drive, do)",—,—,—,—,actualis,actualizare,energeia (ἐνέργεια),—,sākṣātkāra (साक्षात्कार),—,—,—,—,From actus (done); making real what was potential; Aristotle's energeia is the Greek parallel,AKTIV · AGEIN · ACTUS,Latin,6
Acumen,Sharpness / Insight,"*ak- (sharp, pointed)",—,—,—,acumen,acumen,—,oxytēs (ὀξύτης),—,tīkṣṇatā (तीक्ष्णता),—,—,—,—,Latin acuere=to sharpen; mental sharpness as a pointed weapon; the cutting edge of mind,ACUMEN · AKUTOS · OXYN,Latin,3
Adamantine,Indestructible / Unyielding,*n-dm̥H- (untameable),—,—,—,adamauntyne,—,—,adamantinos (ἀδαμάντινος),adamantin,vajra (वज्र),—,—,—,—,Greek a-daman=unconquerable; shares root with diamond; the hardest imaginable substance,ADAMAN · VAJRIN · DIAMIS,Greek,5
Adaptation,Fitting / Adjusting,"*ap- (to take, reach)",—,—,—,—,adaptatio,adaptare,harmogē (ἁρμογή),adaptation,anukūlana (अनुकूलन),—,—,—,—,Latin aptare=to fit; sense of adjusting precisely to fit a changed context,ADAPTO · APTIS · HARMOG,Latin,4
Advancement,Progress / Forward Motion,*ab-ante- (from before),—,—,—,avancement,—,abantiare,proagōgē (προαγωγή),avancement,pragatī (प्रगति),—,—,—,—,Via French from Vulgar Latin ab ante (from before); moving ahead through time,AVANT · ABANTIS · PROAG,French/Latin,3
Aegis,Protection / Divine Authority,*ayg- (shine) or *aig- (goat),—,—,—,egis,—,—,aigis (αἰγίς),egide,kavaca (कवच),—,—,—,—,Shield of Zeus and Athena; possibly from goat-skin or divine radiance; supreme patronage,AEGIS · AIGOS · EGIDA,Greek,2
Agility,Nimbleness / Speed,"*ag- (to drive, do)",—,—,—,agilitee,agilitas,—,elaphria (ἐλαφρία),agilité,spandana (स्पन्दन),—,—,—,—,"Latin agilis=nimble; same root as act, agitate, agony; driven, responsive motion",AGIL · AGEIS · LAPHIS,Latin,4
Alacrity,Eagerness / Ready Energy,*al- (beyond),—,—,—,alacryte,alacritas,—,prothumia (προθυμία),alacrité,utsāha (उत्साह),—,—,—,—,"Latin alacer=lively, eager; the immediate willingness to spring into motion",ALACRIS · ALACER · PROTH,Latin,4
Alchemical,Transformative / Mysterious,—,—,—,—,alchemical,—,alchimia,khēmeia (χημεία),alchimique,rasāyana (रसायन),al-kīmiyā (الكيمياء),kīmīyā (کیمیا),—,—,Arabic via Greek; possibly from Khemia (Egypt) or khymos (juice); transformation of base to gold,ALKHEM · KHEMIA · RASAYN,Arabic/Greek,4
Alignment,Order / Harmony / Direction,"*lino- (flax, thread)",—,—,—,alinement,lineamentum,—,euthygammia (εὐθυγραμμία),alignement,samarpaṇa (समर्पण),—,—,—,—,From Latin linea (flax thread) via French ligne; the thread pulled taut becomes a line of order,ALIGN · LINEA · LINEIS,French/Latin,3
Alliance,Union / Bond / Partnership,*leig- (to bind),—,—,—,alliance,—,alligare,symmachia (συμμαχία),alliance,sandhi (सन्धि),—,—,—,—,Latin alligare=to bind to; a binding together of parties for common purpose,ALLIG · LIGA · SANDHI,French/Latin,3
Ambrosia,Divine Food / Immortality,*mer- (to die) + neg. *n-,—,—,—,ambrosia,ambrosia,—,ambrosia (ἀμβροσία),ambroisie,amṛta (अमृत),—,—,—,—,Greek a-mbrotos=not-mortal; food that grants immortality; exact parallel to Sanskrit amṛta,AMBROS · AMRIT · AMRIA,Greek,4
Amplification,Expansion / Enlargement,*amp- (large),—,—,—,amplificacion,amplificatio,—,auxēsis (αὔξησις),amplification,vistāra (विस्तार),—,—,—,—,Latin amplus+facere=to make large; the making-large of a signal or idea,AMPLI · AMPLOS · AUXEN,Latin,5
Apex,Tip / Peak / Pinnacle,"*ap- (off, away, tip)",—,—,—,apex,apex,—,koruphē (κορυφή),apex,agra (अग्र),—,—,—,—,"Latin apex=tip of a priest's cap, then any peak; the absolute highest tip",APEX · APIX · APEK,Latin,2
Apogee,Farthest / Highest Point,*ghdhem- (earth),—,—,—,apogee,—,—,apogaion (ἀπόγαιον),apogée,uttamabindu (उत्तमबिन्दु),—,—,—,—,Greek apo+gaia=away from earth; the farthest point from center; beyond gravity's pull,APOG · APOGEA · GAION,Greek,3
Apotheosis,Deification / Ultimate Perfection,*dhes- (sacred),—,—,—,apotheosis,apotheosis,—,apotheōsis (ἀποθέωσις),apothéose,divyatā (दिव्यता),—,—,—,—,Greek apo+theos=from god; elevation to divine status; the supreme perfection of a form,APOTH · THEOS · APODIA,Greek,5
Archetypal,Original / Primal Pattern,*ar- (to fit) + *tup- (strike),—,—,—,archetypal,—,archetypum,archetupon (ἀρχέτυπον),archétype,mūla-rūpa (मूलरूप),—,—,—,—,Greek arkhe+typos=first-mold; the original impression from which all copies derive,ARKHE · TYPOS · ARKEIP,Greek,4
Arrival,Reaching / Coming to Shore,"*rei- (to scratch, flow)",—,—,—,arrivaille,—,arripare,aphixis (ἄφιξις),arriver,āgamana (आगमन),—,—,—,—,Vulgar Latin ad+ripa=to the shore; the reaching of a destination; landfall,ARRIV · RIPA · APHIX,French/Latin,3
Ascend,Rise / Climb Upward,"*skand- (to spring, jump)",—,—,—,ascenden,ascendere,—,anabainō (ἀναβαίνω),ascendre,ārohana (आरोहण),—,—,—,—,"Latin ad+scandere=to climb toward; active upward motion; same root as scan, scan, descend",ASCEN · SKAND · ANABL,Latin,2
Ascendancy,Rising Power / Dominance,"*skand- (to spring, jump)",—,—,—,ascendance,ascendentia,—,—,ascendance,ārohaṇa-śakti (आरोहणशक्ति),—,—,—,—,"Derived from ascend; the state of being in the climbing, dominant position",ASCEND · SKANDOR · KADIS,Latin,4
Ascension,Rising / Elevation,"*skand- (to spring, jump)",—,—,—,ascensioun,ascensio,—,anabasis (ἀνάβασις),ascension,uttaraṇa (उत्तरण),—,—,—,—,Latin ascensio=a climbing; the completed act of rising to a higher realm,ASCENS · ANABAS · SKANDA,Latin,3
Aspiration,Breath / Desire / Aim,*speis- (to blow),—,—,—,aspiracion,aspiratio,—,ephesis (ἔφεσις),aspiration,abhīpsā (अभीप्सा),—,—,—,—,Latin ad+spirare=to breathe toward; desire as breath reaching forward to its goal,ASPIR · SPIROS · EPHES,Latin,4
Ataraxia,Undisturbed Peace / Equanimity,"*dhrew- (firm, solid)",—,—,—,ataraxia,—,—,ataraxia (ἀταραξία),ataraxie,śānti (शान्ति),—,—,—,—,Greek a+tarassein=not-disturbed; the Epicurean ideal of the untroubled mind,ATARAS · TARAX · SHANT,Greek,5
Attainment,Reaching / Achieving / Touching,*tag- (to touch),—,—,—,atteignement,attingere,—,ephapsis (ἐφαψία),atteindre,prāpti (प्राप्ति),—,—,—,—,Latin ad+tangere=to touch upon; the touching of a goal; arrival at the intended point,ATTAIN · TANG · PRAPTIS,French/Latin,3
Aureate,Golden / Radiant,"*aus- (gold, dawn)",—,—,—,aureate,aureatus,—,chryseos (χρύσεος),doré,sauvarṇa (सौवर्ण),dhahab (ذهب),zarīn (زرین),—,—,Latin aurum=gold; same PIE root gives aurora (dawn); gold as solidified dawn-light,AUREA · AUROS · AURET,Latin,3
Awakening,Consciousness / Rising,"*weg- (to be strong, lively)",*wakaną,awacan / wæcnan,vakna,awakening,—,—,anypnisis (ἀνύπνισις),—,prabodhana (प्रबोधन),yaqẓa (يقظة),bīdārī (بیداری),—,—,Pure Old English root; the Germanic word for waking is the truest form here,WAKEN · WAKNA · VAKNIR,Germanic,4
Bastion,Stronghold / Defense,*bhagh- (to fight),—,—,—,bastioun,—,bastire,—,bastion,durgā (दुर्ग),—,—,—,—,Via Italian bastione from Germanic; a projecting part of a fortification; armed strength,BAST · BASTIR · BASTIO,French/Italian,3
Beacon,Signal / Light / Guide,*bha-1 (to shine),*baukną,bēacen (sign),—,bekne,—,—,phanos (φανός),—,—,manāra (منارة),fanār (فانار),—,—,Old English root directly; a shining sign for others to navigate by; related to beckon,BEACEN · BAUK · BAKNA,Germanic,2
Beatific,Blessed / Divinely Happy,"*deu-2 (to do, perform)",—,—,—,beatifik,beatificus,—,makarios (μακάριος),béatifique,ānandita (आनन्दित),—,—,—,—,Latin beatus+facere=to make blessed; conveying the fullness of divine happiness,BEATIF · BEATA · MAKARIS,Latin,4
Becoming,Transformation / Being,"*gwa- (to come, go)",*bikwemaną,becuman,verða,bicomen,—,—,genesis (γένεσις),—,sambhavana (संभवन),—,—,—,—,Pure Germanic; Old English becuman=to come to be; the philosophical word for emergence,BECUM · KWEMA · WERTHA,Germanic,3
Belonging,Connection / Membership,"*legh- (to lie, belong)",*bilangijaną,belimpan,heyra til,belongen,—,—,—,—,sva-bhāva (स्वभाव),—,—,—,—,Germanic; the deep sense of fitting within a place or community; inherent relatedness,BELONG · LANGIR · BILANG,Germanic,3
Beneficence,Generosity / Goodness,*deu-2 (to do) + bene,—,—,—,beneficence,beneficentia,—,euergesia (εὐεργεσία),bienfaisance,kalyāṇa (कल्याण),—,—,—,—,Latin bene+facere=to do well; the active performance of goodness; virtue in action,BENEFIC · BENEKOR · EUERG,Latin,4
Bliss,Joy / Happiness / Delight,"*bhleidh- (gentle, mild)",*blithsjō,bliss / bliths,blíðr (gentle),blisse,—,—,—,—,ānanda (आनन्द),—,—,—,—,Pure Old English/Germanic; blithe+joy merged; one of the most native joy-words in English,BLISS · BLITH · BLIDHA,Germanic,1
Blossom,Flowering / Growth / Opening,"*bhel-3 (to thrive, bloom)",*blōstmaz,blōstm / blōsma,blómstr,blosme,flos,—,anthos (ἄνθος),—,puṣpa (पुष्प),—,—,—,—,"Germanic; same PIE root as bloom, flower, flourish; thriving expressed as opening petals",BLOSM · BLOST · BLOMA,Germanic,2
Breakthrough,Overcoming / New Advance,*bhreg- (to break),*brekaną + *þurhw-,brecan + þurh,brjóta + í gegnum,brekthrough,—,—,—,—,—,—,—,—,—,Germanic compound; literally breaking new ground; the forceful penetration of a barrier,BREKAN · BREKUR · THRUBREC,Germanic,3
Breakthroughs,Overcoming / New Advances,*bhreg- (to break),*brekaną + *þurhw-,brecan + þurh,brjóta + í gegnum,brekthrough,—,—,—,—,—,—,—,—,—,Plural of Breakthrough; same roots apply throughout,BREKAN · BREKUR · THRUBREC,Germanic,3
Brilliance,Radiance / Excellence / Light,"*bhrel- (to shine, glitter)",—,—,—,brilliance,beryllus,—,bēryllos (βήρυλλος),briller,tejasā (तेजस्),—,—,—,—,Via Italian brillare from Latin beryllus (bright gem); light expressed through gemstone imagery,BRILL · BERYL · BRILLOS,French/Italian,3
Care,Concern / Attention / Love,*gar- (to cry out),*karō,caru / cearu (sorrow),kǫr (sickbed),care,cura,—,merimnē (μέριμνα),—,sevā (सेवा),—,—,—,—,OE root meant grief/sorrow before softening to tender concern; radical semantic warmth,CARU · KARA · KAROS,Germanic,1
Catalyst,Change Agent / Trigger,*leu-1 (to loosen),—,—,—,catalyst,—,—,katalusis (κατάλυσις),—,preraṇā (प्रेरणा),—,—,—,—,Greek kata+lusis=a loosening-down; the agent that loosens transformation in another body,KATAL · LUSIS · KATALYN,Greek,3
Catalyze,Trigger / Activate Change,*leu-1 (to loosen),—,—,—,—,—,—,kataluein (καταλύειν),—,prerayati (प्रेरयति),—,—,—,—,Verb form; to actively perform the catalytic loosening of transformation,KATALY · LUSYN · LUKON,Greek,3
Celebration,Honoring / Festivity,"*kwel-1 (to revolve, frequent)",—,—,—,celebracioun,celebratio,—,heortē (ἑορτή),célébration,utsava (उत्सव),—,—,—,—,"Latin celeber=frequented, famous; celebration=the repeated honoring; frequency as reverence",CELEB · CELEBRA · UTSAV,Latin,5
Celerity,Speed / Swiftness,"*kel-1 (to drive, set in motion)",—,—,—,celerite,celeritas,—,tachos (τάχος),célérité,tvaritā (त्वरिता),—,—,—,—,"Latin celer=swift; the quality of driven, propelled forward motion",CELER · CELIR · TACHOS,Latin,4
Champion,Victor / Defender / Leader,"*kamp- (field, battle-ground)",—,—,—,champioun,—,campio,—,champion,vīra (वीर),—,—,—,—,Medieval Latin campio=one who fights in the field (campus); the field-warrior; battle-proven leader,CAMPI · CAMPO · VIRON,French/Latin,3
Citadel,Stronghold / Fortified Center,"*kei-1 (to lie, dwell)",—,—,—,citadel,civitas,—,polis (πόλις),citadelle,nagara (नगर),—,—,—,—,Via Italian cittadella (small city); the fortified heart of a city; protected center,CITAD · CIVIT · POLIS,French/Italian,3
Clarity,Clearness / Brightness / Truth,*kele-2 (to shout; clear sound),—,—,—,clarite,claritas,—,saphēneia (σαφήνεια),clarté,sphuṭatā (स्फुटता),—,—,—,—,Latin clarus=clear+bright; the word captures both visual and intellectual clarity as one thing,CLAR · CLARITH · SAPHON,Latin,3
Coalition,Alliance / Union of Parts,"*al-2 (to grow, nourish)",—,—,—,coalicioun,—,coalitio,sympraxis (συμπραξία),coalition,saṃgha (संघ),—,—,—,—,Latin coalescere=to grow together; organic unity growing from once-separate parts,COAL · COALESK · ALESCO,Latin,4
Coexistence,Mutual Being / Harmony,*es- (to be),—,—,—,coexistence,coexistentia,—,symbiōsis (συμβίωσις),coexistence,saha-astitva (सहास्तित्व),—,—,—,—,Latin co+existere=to stand out together; the mutual fact of being alongside,COEXIS · EXISTAR · SYNON,Latin,4
Cohesion,Binding / Sticking Together,*ghais- (to adhere),—,—,—,cohesioun,cohaesio,—,syndesis (σύνδεσις),cohésion,sāmarasya (सामरस्य),—,—,—,—,Latin co+haerere=to cling together; the invisible sticking force between parts,COHER · HAESIS · SYNDEX,Latin,3
Collaborate,Work Together / Co-create,"*leb- (to hang, allow)",—,—,—,collaboren,collaborare,—,synergazomai (συνεργάζομαι),collaborer,sahakārya (सहकार्य),—,—,—,—,Latin col+laborare=to work together; the shared labor of two minds on one thing,COLLAB · LABORA · SYNERG,Latin,4
Collaboration,Co-creation / Partnership,"*leb- (to hang, allow)",—,—,—,collaboracioun,collaboratio,—,synergasia (συνεργασία),collaboration,sahakārya (सहकार्य),—,—,—,—,Noun of collaborate; the act and quality of working-together,COLLAB · LABORIS · SYNON,Latin,5
Confidence,Trust / Assurance / Self-belief,"*bheidh- (to trust, persuade)",—,—,—,confidence,confidentia,—,pistis (πίστις),confidence,viśvāsa (विश्वास),—,—,—,—,Latin con+fidere=to trust firmly; total faith directed inward; self as the trusted one,CONFID · FIDELIS · VISWAS,Latin,3
Connection,Link / Bond / Relationship,"*ned- (to bind, knot)",—,—,—,conneccioun,connexio,—,syndeos (σύνδεος),connexion,sambandha (सम्बन्ध),—,—,—,—,Latin con+nectere=to knot together; the knot as the bond between two things,CONNEX · NEXIS · SAMBAN,Latin,3
Conquest,Victory / Achievement,*kwer- (to seek out),—,—,—,conqueste,—,conquirere,kratos (κράτος),conquête,vijaya (विजय),—,—,—,—,Latin con+quaerere=to seek out together; the active seeking and securing of victory,CONQUIR · QUAERE · KRATOR,French/Latin,2
Consciousness,Awareness / Mind / Knowing,"*skei- (to cut, separate)",—,—,—,conscience,conscientia,—,syneidēsis (συνείδησις),conscience,cit (चित्),—,—,—,—,Latin con+scire=to know within; the internal witness; Sanskrit cit=pure awareness,CONSCIO · SCIENT · CHITTA,Latin,4
Continuity,Persistence / Unbroken Flow,*ten- (to stretch),—,—,—,continuite,continuitas,—,synecheia (συνέχεια),continuité,sāntatā (सान्तता),—,—,—,—,Latin continuus=unbroken; stretching without interruption through time; the taut thread,CONTINU · TENUIS · SYNECH,Latin,5
Convergence,Coming Together / Meeting Point,*wer-3 (to turn),—,—,—,convergence,convergentia,—,sygklisis (σύγκλισις),convergence,samāgama (समागम),—,—,—,—,Latin con+vergere=to incline together; multiple forces turning toward a single point,CONVERG · VERGIS · SYNCL,Latin,3
Cooperate,Work Together / Collaborate,"*op-1 (to work, produce)",—,—,—,cooperen,cooperari,—,synprattō (συμπράττω),coopérer,sahakārya (सहकार्य),—,—,—,—,Latin co+operari=to work with; the mutual work of two forces on one task,COOPER · OPERIS · SYNPRA,Latin,4
Coordinate,Arrange / Order Together,"*ar- (to fit, join)",—,—,—,coordinaten,coordinare,—,syntassō (συντάσσω),coordonner,samāyojana (समायोजन),—,—,—,—,Latin co+ordinare=to order together; fitting parts into their proper arrangement,COORDIN · ORDINAK · SYNTA,Latin,4
Cornucopia,Abundance / Horn of Plenty,*ker-1 (horn) + *op-1 (produce),—,—,—,cornucopia,cornu copiae,—,keras amaltheias (κέρας Ἀμαλθείας),corne d'abondance,pūrṇa-kalaśa (पूर्णकलश),—,—,—,—,Latin: horn of plenty; cornu=horn+copia=plenty; Amalthea's overflowing goat-horn,CORNU · KOPION · PURNKAL,Latin,4
Coruscating,Sparkling / Flashing / Brilliant,"*ker-3 (to shine, flash)",—,—,—,coruscat,coruscare,—,stilbōn (στίλβων),—,bhāsura (भासुर),—,—,—,—,"Latin coruscare=to flash, glitter; rapid brilliant light in motion; the verb form of brilliance",CORUSK · CORSCA · STILBON,Latin,4
Courage,Bravery / Heart / Valor,*kerd- (heart),—,—,—,corage,cor (heart),—,andreia (ἀνδρεία),corage,śaurya (शौर्य),—,—,—,—,Old French from Latin cor=heart; courage=what comes from the heart; emotion as source of action,CORAGE · CORDIS · ANDREIA,French/Latin,2
Craft,Skill / Making / Art,*grep- (to grasp),*kraftiz,"cræft (strength, skill)",kraptr (power),craft,ars,—,technē (τέχνη),—,kauśala (कौशल),—,—,—,—,Old English/Norse root; strength that became skill; one of the most Germanic mastery-words,KRAEFT · KRAFT · KRAPTR,Germanic,1
Creativity,Making / Invention / Originality,*ker-1 (to grow),—,—,—,creativite,creativus,—,poiēsis (ποίησις),créativité,sṛjana (सृजन),ibdā' (إبداع),—,—,—,"Latin creare=to make, produce; same root as crescere (to grow); creation as growth",CREATIV · CREATIX · POIESI,Latin,5
Culmination,Peak / Completion / Crown,"*kel-2 (to project, ridge)",—,—,—,culminacioun,culminatio,—,akroteleuton (ἀκροτελεύτιον),culmination,paryavasāna (पर्यवसान),—,—,—,—,"Latin culmen=peak, ridge of a roof; the highest ridge-point reached",CULMEN · KULMIS · AKROT,Latin,4
Cultivate,Grow / Tend / Develop,"*kwel-1 (to revolve, tend)",—,—,—,cultivaten,cultivare,—,geōrgein (γεωργεῖν),cultiver,kṛṣi (कृषि),—,—,—,—,"Latin colere=to till; same root as culture, cult, colony; to dwell and tend a living thing",CULTIV · KOLERE · GEORGON,Latin,3
Cultivation,Growing / Development / Tending,"*kwel-1 (to revolve, tend)",—,—,—,cultivacioun,cultivatio,—,geōrgia (γεωργία),culture,kṛṣi (कृषि),—,—,—,—,Noun of cultivate; the ongoing practice of tending and nurturing growth,CULTIVA · KOLEIS · KRSHI,Latin,4
Dedication,Commitment / Devotion,"*deik- (to show, pronounce)",—,—,—,dedicacioun,dedicatio,—,anathēma (ἀνάθημα),dédicace,nishthā (निष्ठा),—,—,—,—,"Latin dedicare=to declare, set apart for sacred use; a solemn pronouncement of purpose",DEDICAT · DIKEIN · NISHTH,Latin,4
Determination,Resolve / Focused Will,*ter-1 (to cross over),—,—,—,determinacioun,determinatio,—,prothesis (πρόθεσις),détermination,nirdhāraṇa (निर्धारण),—,—,—,—,Latin determinare=to set limits; setting limits paradoxically becomes focused will,DETERMIN · TERMIS · PROTH,Latin,5
Discipline,Training / Order / Mastery,"*dek-1 (to take, accept)",—,—,—,disciplyne,disciplina,—,paideia (παιδεία),discipline,anushāsana (अनुशासन),—,—,—,—,Latin discipulus=learner; discipline=the way of the learner; training as joyful acceptance,DISCIP · DISCIPL · PAIDEI,Latin,3
Discovery,Finding / Revealing / Uncovering,*ker-4 (to cover) neg.,—,—,—,discoverie,—,discooperire,apokalupsis (ἀποκάλυψις),découvrir,anveṣaṇa (अन्वेषण),—,—,—,—,Medieval Latin discooperire=to uncover; revealing what lay hidden under the covering,DISCOV · COOPERI · APOKAL,French/Latin,3
Dispatch,Speed / Sending / Efficiency,*dis- + *pak- (to fasten),—,—,—,despeche,—,—,—,dépêcher,—,—,—,—,—,Via Spanish despachar; dis+pacciare=to unfasten and send off quickly; speed of release,DESPACH · DESPIK · PEMPOS,Spanish/French,2
Dynamic,Power / Energy / Motion,"*deu-2 (to do, perform)",—,—,—,dynamic,—,—,dunamikos (δυναμικός),dynamique,śaktimat (शक्तिमत्),—,—,—,—,Greek dunamis=power; dynamic=of or relating to power in active motion,DYNAM · DUNAMOS · SHAKTIN,Greek,3
Efficiency,Effectiveness / Output,"*dhē-1 (to put, do)",—,—,—,efficience,efficientia,—,energeia (ἐνέργεια),efficacité,dakṣatā (दक्षता),—,—,—,—,Latin efficiens=effective; ex+facere=to make out; producing maximum output with minimum waste,EFFICI · EFFICIS · ENERGON,Latin,4
Effulgent,Radiant / Shining Forth,"*bhel-1 (to shine, flash)",—,—,—,effulgent,—,effulgere,eklampon (ἐκλάμπον),—,ujjvala (उज्ज्वल),—,—,—,—,Latin ex+fulgere=to shine forth; outward radiance bursting from an inner source,EFFULGN · FULGOR · EKLAMN,Latin,3
Élan,Enthusiasm / Spirit / Flair,"*el- (to go, move)",—,—,—,—,—,—,—,"élan (rush, ardor)",ūrjā (ऊर्जा),—,—,—,—,Pure French word from élancer=to dart forward; the spirit-rush that precedes all great action,ELAN · ELANCÉ · URJAS,French,2
Elation,Joy / Lifting / Exaltation,*bher-1 (to carry),—,—,—,elacioun,elatio,—,eparsis (ἔπαρσις),élation,harṣa (हर्ष),—,—,—,—,Latin ex+latus=carried out and up; the state of being lifted out of ordinary feeling,ELAT · ELATIO · EPARS,Latin,3
Elevation,Lifting / Rising / Height,"*legwh- (light, having little weight)",—,—,—,elevacioun,elevatio,—,hypsōsis (ὕψωσις),élévation,uttolana (उत्तोलन),—,—,—,—,Latin ex+levare=to lift by making light; raising through reduction of weight,ELEV · ELEVAR · HYPSOT,Latin,4
Elixir,Transformative Essence,—,—,—,—,elixir,—,elixir,xērion (ξήριον),élixir,rasāyana (रसायन),al-iksīr (الإكسير),—,—,—,Arabic al-iksīr possibly from Greek xērion (dry powder); the distilled transformative essence,ELIXIR · IKSIR · RASAYN,Arabic/Greek,3
Emergence,Arising / Coming Forth,"*mer-2 (to plunge, dip)",—,—,—,emergence,—,emergere,anodus (ἄνοδος),émergence,utpatti (उत्पत्ति),—,—,—,—,Latin e+mergere=to rise from water; surfacing from below into light and visibility,EMERG · MERGIS · ANODOS,Latin,3
Empowerment,Authority / Strength / Agency,"*poti- (powerful, lord)",—,—,—,empowerment,potestas,—,dynamōsis (δυνάμωσις),pouvoir,śakti (शक्ति),—,—,—,—,From Old French poer (power) via Latin potere; the act of making powerful from within,EMPOWER · POTIS · SHAKTIN,French/Latin,4
Empyrean,Highest Heaven / Divine Fire,*paəwr (fire),—,—,—,empyrean,—,empyreus,empureios (ἐμπύρειος),empyrée,agni-loka (अग्निलोक),—,—,—,—,Greek em+pur=in-fire; the highest heaven conceived as pure divine fire; fire as transcendence,EMPYRE · PUREOS · AGNIOX,Greek,4
Endurance,Persistence / Hardness / Staying,"*deru- (oak, firm, true)",—,—,—,endurance,—,indurare,karteria (καρτερία),endurance,dhairyatā (धैर्यता),—,—,—,—,Latin in+durus=to make hard; the hardness of oak wood as the metaphor for persistence,ENDUR · DURUS · KARTER,French/Latin,3
Energize,Activate / Invigorate / Charge,"*werg-1 (to work, do)",—,—,—,energisen,—,—,energeia (ἐνέργεια),énergiser,śakti (शक्ति),—,—,—,—,Greek en+ergon=at work; to put something into the state of active working,ENERGIZ · ERGON · SHAKTIV,Greek,3
Enlightenment,Wisdom / Light / Understanding,"*leuk- (light, brightness)",*leuhtą,lēoht (light),ljós (light),enlighcening,lumen,illuminatio,phōtismos (φωτισμός),—,bodha (बोध),—,—,—,—,Germanic lēoht; the metaphor of bringing light into the mind; Old English is the truest root,LEOHT · LEUKT · PHOTISM,Germanic,4
Entelechy,Perfection / Fulfilled Potential,*kwel-1 (to complete) + *segh-,—,—,—,entelechy,—,—,entelecheia (ἐντελέχεια),entéléchie,pūrṇatā (पूर्णता),—,—,—,—,Aristotle's term: en+telos+ekhein=having its end within itself; the fulfilled potential,ENTELECH · TELIKOS · PURNIS,Greek,4
Epiphany,Revelation / Manifestation,"*bha-1 (to shine, appear)",—,—,—,epiphanie,—,—,epiphaneia (ἐπιφάνεια),épiphanie,sphūrti (स्फूर्ति),—,—,—,—,Greek epi+phainein=to show upon; a sudden divine showing-forth of what was hidden,EPIPH · PHANEIA · SPHURT,Greek,4
Epochal,Era-defining / Historic,"*segh- (to hold, hold back)",—,—,—,epochal,—,—,epochē (ἐποχή),épocal,yuga-sthāpaka (युगस्थापक),—,—,—,—,"Greek epochē=a pause, a fixed point; a moment so significant it stops and restarts time",EPOCH · EPOKHON · YUGIST,Greek,3
Eudaimonia,Flourishing / True Happiness,*gwei- (to live) + *deu-,—,—,—,eudaimonie,—,—,eudaimonia (εὐδαιμονία),eudémonie,sukha (सुख),—,—,—,—,Greek eu+daimon=well-spirit; Aristotle's highest human good; the flourishing of a whole life,EUDAIM · DAIMON · EUTHOS,Greek,5
Euphoria,Elation / Well-being / Joy,"*bher-1 (to carry, bear)",—,—,—,euphorie,—,—,euphoria (εὐφορία),euphorie,harṣātireka (हर्षातिरेक),—,—,—,—,Greek eu+pherein=to bear well; the state of carrying joy so effortlessly it overflows,EUPHOR · PHORON · EUBHOR,Greek,4
Evolution,Development / Unfolding,"*wel-3 (to turn, roll)",—,—,—,evolucioun,evolutio,—,anaptuxis (ἀνάπτυξις),évolution,vikāsa (विकास),—,—,—,—,Latin e+volvere=to unroll; evolution as the unrolling of a scroll revealing what was coiled within,EVOLV · VOLVERE · ANAPTY,Latin,4
Exaltation,Lifting / Glory / Raising High,"*al-2 (to grow, nourish)",—,—,—,exaltacioun,exaltatio,—,hyperepsōsis (ὑπερύψωσις),exaltation,unmāda (उन्माद),—,—,—,—,Latin ex+altus=out-high; lifting to the highest possible position; above all others,EXALT · ALTIOR · HYPEREL,Latin,4
Excel,Surpass / Rise Above / Lead,"*kel-2 (to project, be prominent)",—,—,—,excellen,excellere,—,hyperechō (ὑπερέχω),exceller,śreṣṭha (श्रेष्ठ),—,—,—,—,Latin ex+cellere=to rise and project out; to stand demonstrably higher than all around,EXCEL · CELLERE · HYPERON,Latin,2
Excellence,Superiority / Virtue / Quality,"*kel-2 (to project, be prominent)",—,—,—,excellence,excellentia,—,aretē (ἀρετή),excellence,śreṣṭhatā (श्रेष्ठता),—,—,—,—,Latin excellentia; Greek aretē=excellence-as-virtue; the full realization of a thing's potential,EXCELL · CELLENS · ARETE,Latin,3
Expansion,Growth / Extension / Spreading,"*spen-2 (to draw, stretch)",—,—,—,expansioun,expansio,—,ektasis (ἔκτασις),expansion,vistāra (विस्तार),—,—,—,—,Latin ex+pandere=to spread out; the spreading of something beyond all former limits,EXPANS · PANDORE · EKTAS,Latin,3
Exuberance,Overflow / Wild Vitality,"*eudh- (udder, abundance)",—,—,—,exuberance,exuberantia,—,perissos (περισσός),exubérance,utsāha (उत्साह),—,—,—,—,Latin ex+uber=out of the udder; fertility overflowing its container; wildly productive abundance,EXUBER · UBERON · PERISOS,Latin,4
Fast,Speed / Firmness / Swiftness,"*past- (firm, fixed)",*fastaz,"fæst (firm, fixed)",fastr (firm),fast,—,—,tachys (ταχύς),—,tīvra (तीव्र),—,—,—,—,OE fæst meant firm/fixed; 'moving fast' evolved from 'holding firm to motion'; remarkable semantic shift,FAEST · FASTIR · FASTA,Germanic,1
Fecund,Fertile / Productive / Rich,"*dhē(i)- (to suckle, produce)",—,—,—,fecunde,fecundus,—,gonimos (γόνιμος),fécond,phala-dāyī (फलदायी),—,—,—,—,Latin fecundus=fruitful; same root as femina; the generative earth-principle; nature's creativity,FECUND · FECUNDIS · GONIX,Latin,2
Fecundity,Fertility / Abundance / Generativity,"*dhē(i)- (to suckle, produce)",—,—,—,fecundite,fecunditas,—,gonimotēs (γονιμότης),fécondité,phala-śakti (फलशक्ति),—,—,—,—,The quality of rich generative fertility; nature's power to produce without ceasing,FECUNDI · FECUNDIK · GONIST,Latin,4
Fellowship,Companionship / Community / Bond,*peku- (wealth) + *legh- (lie),*felagą,fēolaga,"félagi (partner, companion)",felawship,societas,—,koinōnia (κοινωνία),—,satsaṅga (सत्संग),—,—,—,—,Old Norse félagi=one who lays money together; community through shared investment and risk,FELAGI · FELAK · KOINON,Germanic/Norse,3
Festivity,Celebration / Sacred Joy,"*dhes-1 (sacred, divine)",—,—,—,festivite,festivitas,—,heortē (ἑορτή),festivité,utsava (उत्सव),—,—,—,—,Latin festum=sacred feast; festivals were originally religious; joy as sacred communal act,FESTIV · FESTUM · UTSAVE,Latin,4
Flourish,Thrive / Bloom / Prosper,"*bhel-3 (to thrive, bloom)",—,—,—,florisshen,florere,—,anthos (ἄνθος),florir,vikāsa (विकास),—,—,—,—,"Latin florere=to flower; same root as flora, flower, bloom; thriving expressed as blossoming",FLOUR · FLORIS · ANTHOS,French/Latin,2
Flourishing,Thriving / Blooming / Prospering,"*bhel-3 (to thrive, bloom)",—,—,—,florisshinge,florentia,—,euthaleia (εὐθαλεία),florissant,sampannata (संपन्नता),—,—,—,—,Present participle of flourish; the continuous ongoing state of blooming life,FLORIS · FLORENS · EUTHAL,French/Latin,3
Flow,Movement / Ease / Continuity,"*pleu- (to flow, float)",*flōaną,flowan,flóa (to flow),flowen,fluere,—,rein (ῥεῖν),—,srava (स्रव),—,—,—,—,Pure Germanic root; one of the most primary native English words; water-motion as ease,FLOW · FLOA · PLEUON,Germanic,1
Focus,Concentration / Center / Hearth,*dhegwh- (to burn),—,—,—,focus,focus (hearth),—,hestia (ἑστία),—,kendra (केन्द्र),—,—,—,—,"Latin focus=hearth, fireplace; the center-fire; where all attention converges and burns",FOCUS · FOCAS · HESTIX,Latin,2
Foresight,Vision / Planning / Prescience,*sek-2 (to see),*fura + *segwiz,foresēon,framsȳn,foresight,providentia,—,pronoia (πρόνοια),prévoyance,dūradarśitā (दूरदर्शिता),—,—,—,—,Germanic compound; fore+sight=seeing before; direct Old English seeing-ahead,FORESEE · FORSIHT · PRONOX,Germanic,2
Fortitude,Courage / Inner Strength,"*bhergh-2 (high, elevated)",—,—,—,fortitude,fortitudo,—,andreia (ἀνδρεία),fortitude,dhairya (धैर्य),—,—,—,—,Latin fortis=strong; fortitude=the inner mountain; strength as the quality of an elevated thing,FORTIT · FORTIS · ANDREI,Latin,3
Fruition,Fulfillment / Enjoyment / Harvest,"*bhrug-1 (to enjoy, use)",—,—,—,fruicion,—,fruitio,apolausis (ἀπόλαυσις),fruition,phala-prāpti (फलप्राप्ति),—,—,—,—,Latin frui=to enjoy the fruit; fruition=the tasting/enjoying of the result; realization as savoring,FRUIT · FRUITIO · APOLAUN,Latin,3
Fulfillment,Completion / Satisfaction / Full,*pleh₁- (to fill),*fullaz + *fullijaną,fulfyllan,fullnægja (to satisfy),fulfillment,complementum,—,plērōma (πλήρωμα),—,tripti (तृप्ति),—,—,—,—,Germanic compound; full+fill=to fill fully; the satisfying completion of a container,FULFILL · FULLNAS · PLEROM,Germanic,3
Fusion,Merging / Union / Blending,*gheu- (to pour),—,—,—,fusioun,fusio,—,krasis (κρᾶσις),fusion,saṃyoga (संयोग),—,—,—,—,Latin fundere=to pour; fusion=the pouring together of two substances into one new thing,FUSIO · FUNDIS · KRASIS,Latin,2
Galvanize,Activate / Electrify / Energize,—,—,—,—,galvanize,—,—,—,galvaniser,—,—,—,—,—,From Luigi Galvani (1737-1798); to stimulate as if by electric current; shock into action,GALVAN · GALVIR · VOLTIS,Proper noun/Italian,3
Generation,Birth / Creation / Era,"*gen- (to give birth, beget)",—,—,—,generacioun,generatio,—,genesis (γένεσις),génération,jananā (जनन),—,—,—,—,Latin generare=to beget; generatio=a begetting; simultaneously a birth and a span of time,GENERAT · GENERIS · GENON,Latin,4
Genesis,Origin / Beginning / First Cause,"*gen- (to give birth, beget)",—,—,—,genesis,genesis,—,genesis (γένεσις),genèse,ādi (आदि),—,—,bərēʾšīt (בְּרֵאשִׁית),—,"Greek directly; genesis=origin, beginning, the first creation; Hebrew parallel",GENES · GENESOS · ARCHE,Greek,3
Genius,Spirit / Talent / Creative Intelligence,"*gen- (to give birth, beget)",—,—,—,genius,genius (guardian spirit),—,daimōn (δαίμων),génie,pratibhā (प्रतिभा),—,—,—,—,Latin genius=spirit born with a person; one's personal divine creative attendant,GENIUS · GENIOS · DAIMON,Latin,3
Germinal,Seed / Beginning / Generative,*gen- (to give birth),—,—,—,germinal,germinalis,—,spermatikos (σπερματικός),germinal,bīja (बीज),—,—,—,—,"Latin germen=sprout, bud; germinal=of the first seed stage; the potential held in the seed",GERMIN · GERMIS · SPERMIK,Latin,3
Gestalt,Whole Form / Unified Pattern,"*stel-2 (to put, stand)",—,—,—,—,—,—,holon (ὅλον),—,pūrṇa-rūpa (पूर्णरूप),—,—,—,—,"German Gestalt=form, shape; the organized whole perceived as more than its parts",GESTALT · STELLEN · HOLON,German,2
Glory,Honor / Radiance / Fame,"*gno- (to know, fame)",—,—,—,glorie,gloria,—,doxa (δόξα),gloire,yaśas (यशस्),majd (مجد),—,—,—,"Latin gloria=fame, renown; Greek doxa=glory and opinion; the shining reputation",GLORI · GLORIS · DOXON,Latin,2
Grandeur,Greatness / Magnificence,*meg- (great),—,—,—,grandeur,grandis,—,megaloprepeia (μεγαλοπρέπεια),grandeur,mahimā (महिमा),—,—,—,—,French grandeur from Latin grandis=great; the quality of impressively great scale,GRAND · GRANDIS · MEGALO,French/Latin,2
Groundbreaking,Pioneering / First / Inaugural,"*ghrendh- (to rub, grind)",*grunduz + *brekaną,grund + brecan,grund + brjóta,groundbreking,—,—,—,—,—,—,—,—,—,Germanic compound; literally breaking new ground; the first penetration of virgin soil,GRUNDBR · GRUNDER · BREKEN,Germanic,4
Guardianship,Protection / Stewardship / Watch,"*wer-4 (to perceive, watch)",*wardaną,weardian,varða (to guard),guardienship,—,guardiania,phulakē (φυλακή),gardein,rakṣakī (रक्षकी),—,—,—,—,Frankish/Germanic wardōn; the trusted office of watching over and protecting another,GUARD · WARDAN · PHYLAK,Germanic/French,4
Harmony,Agreement / Concord / Balance,"*ar-2 (to fit, join)",—,—,—,harmonye,harmonia,—,harmonia (ἁρμονία),harmonie,sāmarasya (सामरस्य),—,—,—,—,"Greek harmonia=joint, agreement; harmos=a joining; the fitting together of disparate parts",HARMON · HARMIS · SAMRAS,Greek,3
Hero,Champion / Guardian / Warrior,"*ser-1 (to watch over, protect)",—,—,—,hereo,heros,—,hērōs (ἥρως),héros,vīra (वीर),—,—,—,—,Greek hērōs; may link to Hera (protector) or *ser- (to protect); the guardian-warrior archetype,HEROS · HEROIK · VIRON,Greek,2
Illuminate,Light / Reveal / Enlighten,"*leuk- (light, brightness)",—,—,—,illuminen,illuminare,—,phōtizein (φωτίζειν),illuminer,prakāśita (प्रकाशित),—,—,—,—,Latin in+lumen=to put light into; making visible what was dark; the lamp as mind,ILLUMIN · LUMINE · PHOTIZ,Latin,4
Illumination,Light / Understanding / Revelation,"*leuk- (light, brightness)",—,—,—,illuminacioun,illuminatio,—,phōtismos (φωτισμός),illumination,prakāśa (प्रकाश),—,—,—,—,Noun of illuminate; the state or completed act of bringing light into darkness,ILLUMIN · LUMINOS · PHOTIS,Latin,5
Illustrious,Distinguished / Brilliant / Renowned,"*leuk- (light, brightness)",—,—,—,illustrious,illustris,—,lampros (λαμπρός),illustre,yaśasvī (यशस्वी),—,—,—,—,"Latin illustris=bright, distinguished; one who shines with earned distinction",ILLUSTR · LUSTRIS · LAMPR,Latin,4
Impregnable,Unconquerable / Inviolable,*ghend- (to seize),—,—,—,impregnable,inexpugnabilis,—,aheires (ἄεirεs),imprenable,abhejya (अभेद्य),—,—,—,—,Old French in+prenable=not-takeable; a fortress no force can seize or penetrate,IMPREG · PRENAB · AHALOT,French/Latin,4
Individuation,Self / Becoming Whole / Distinct,"*weidh- (to divide, separate)",—,—,—,individuacioun,—,individuatio,idiōsis (ἰδίωσις),individuation,svayambhava (स्वयंभव),—,—,—,—,Jung's term; Latin individuum=undivided; paradoxically: separating to become whole self,INDIVID · INDIVIDUAK · IDIOM,Latin,6
Indomitable,Unconquerable / Fierce / Unbroken,"*dem-2 (to constrain, force)",—,—,—,indomitable,indomitabilis,—,akatamaston (ἀκατάμαστον),—,ajeya (अजेय),—,—,—,—,Latin in+domitare=not-tameable; the spirit that refuses to be broken or domesticated,INDOMIT · DOMINUS · AJEYN,Latin,4
Infinite,Endless / Boundless / Without Limit,"*dheigh- (to form, build) neg.",—,—,—,infinite,infinitus,—,apeiron (ἄπειρον),infini,ananta (अनन्त),—,—,—,—,Latin in+finis=no-end; Greek apeiron=unbounded; the limitless as a positive quality,INFIN · INFINIT · APEIRON,Latin,3
Ingenuity,Cleverness / Invention / Native Wit,"*gen- (to give birth, beget)",—,—,—,ingeniousite,ingeniositas,—,mechanē (μηχανή),ingéniosité,pratibhā (प्रतिभा),—,—,—,—,"Latin ingenium=inborn talent; ingenuus=native, free-born; the spark that is one's native gift",INGENU · INGENIUM · MECHAN,Latin,4
Inimitable,Matchless / Unique / Uncopied,*aim- (to copy),—,—,—,inimitable,inimitabilis,—,anamimētos (ἀναμίμητος),inimitable,atulyā (अतुल्य),—,—,—,—,Latin in+imitabilis=cannot-be-copied; so singular that imitation is impossible,INIMIT · IMITAB · ANAMIM,Latin,4
Innovation,Renewal / New Making / Invention,*newo- (new),—,—,—,innovacioun,innovatio,—,kainotomia (καινοτομία),innovation,nava-sṛjana (नवसृजन),ibtikār (ابتكار),—,—,—,Latin in+novus=renewing into new; Greek kainotomia=cutting new ground,INNOV · NOVATIO · KAINOT,Latin,4
Insight,Understanding / Direct Vision,"*sek-2 (to see, follow)",*segwiz,innsihþ,innsýni (insight),insight,perspicacia,—,dioratikotēs (διορατικότης),—,antarjñāna (अन्तर्ज्ञान),—,—,—,—,Germanic sight-prefix; seeing into the inside of things; the direct vision of what lies within,INSYHT · SIHTHE · INNSIHN,Germanic,2
Inspiration,Breath / Creativity / Divine Breath,"*speis- (to blow, breathe)",—,—,—,inspiracioun,inspiratio,—,enthousiosmos (ἐνθουσιασμός),inspiration,prāṇaśakti (प्राणशक्ति),—,—,—,—,Latin in+spirare=to breathe into; the divine breath blown into the creative artist,INSPIR · SPIRARE · ENTHUS,Latin,4
Inspire,Breathe Into / Motivate / Awaken,"*speis- (to blow, breathe)",—,—,—,inspiren,inspirare,—,empsuchoun (ἐμψυχοῦν),inspirer,prāṇita (प्राणित),—,—,—,—,Latin in+spirare=to breathe divine breath into; to fill another with living spirit,INSPIR · SPIRANT · EMPSY,Latin,2
Integration,Wholeness / Unity / Making Whole,"*tag- (to touch, handle)",—,—,—,integracioun,integratio,—,holoklerōsis (ὁλοκλήρωσις),intégration,samāgrahana (समाग्रहण),—,—,—,—,"Latin integer=whole, untouched; integration=making whole by touching all parts together",INTEGR · INTEGRIS · HOLOK,Latin,4
Intellect,Mind / Understanding / Discernment,"*leg-1 (to gather, choose)",—,—,—,intellect,intellectus,—,nous (νοῦς),intellect,buddhi (बुद्धि),—,—,—,—,"Latin inter+legere=to choose between; the discerning, selecting faculty of the rational mind",INTELLECT · LECTUS · NOUST,Latin,3
Interconnected,Linked / Networked / Woven,"*ned- (to bind, knot)",—,—,—,interconnected,connexio,—,allēlosyndetē (ἀλληλοσύνδετη),—,parasparasambaddha (परस्परसम्बद्ध),—,—,—,—,Modern compound; the mutual knotting of all things within a network of relationship,INTERCONN · NEXION · ALLEL,Latin,5
Intuition,Direct Knowing / Inner Sight,*teu-2 (to pay attention to),—,—,—,intuicioun,intuitio,—,aisthēsis (αἴσθησις),intuition,anubhava (अनुभव),—,—,—,—,Latin in+tueri=to gaze within; the direct inward gazing that bypasses discursive reasoning,INTUIT · TUERIS · AISTH,Latin,4
Invigorate,Energize / Strengthen / Animate,"*weg-1 (to be strong, lively)",—,—,—,invigoraten,—,invigorare,tonōsis (τόνωσις),—,ojasvī (ओजस्वी),—,—,—,—,Latin in+vigor=to put vigor into; charging a body with life-force from without,INVIG · VIGORIS · TONOS,Latin,4
Joy,Happiness / Delight / Gladness,*gau- (to rejoice),—,—,—,joie,gaudium,—,chara (χαρά),joie,ānanda (आनन्द),—,—,—,—,Old French joie from Latin gaudium; Greek chara shares the same warmth and intimacy,JOY · JOIE · CHARON,French/Latin,1
Jubilation,Rejoicing / Exultation / Triumph,*yu-1 (to shout for joy),—,—,—,jubilacion,jubilatio,—,agalliasis (ἀγαλλίασις),jubilation,harṣodbhava (हर्षोद्भव),—,—,yōbēl (יוֹבֵל),—,Latin jubilare=to shout for joy; Hebrew yōbēl=ram's horn (jubilee trumpet); joy as sacred shout,JUBIL · JUBILATE · AGALL,Latin/Hebrew,4
Kinship,Family / Belonging / Blood-bond,"*gen- (to give birth, beget)",*kunją,"cynn (family, kin)",kyn (kin),kinship,genus,—,syngeneia (συγγένεια),—,jñāti (ज्ञाति),—,—,—,—,Pure Old English/Norse cynn; the blood-bond of family; birth as the original bond,KYNN · KYNJE · SYNGEN,Germanic,2
Knowledge,Understanding / Wisdom / Knowing,*gno- (to know),*knēaną,cnāwan (to know),kenna (to know),knowleche,cognitio,—,gnōsis (γνῶσις),connaissance,jñāna (ज्ञान),—,—,—,—,"Germanic cnāwan; same PIE root as Greek gnosis, Latin cognitio; the most direct knowing",KNOWL · KNAWEN · GNOSIS,Germanic,2
Lambent,Softly Glowing / Flickering Light,*lab- (to lick),—,—,—,lambent,lambere,—,stilbōn (στίλβων),—,—,—,—,—,—,Latin lambere=to lick; light that licks and plays softly over a surface; the gentlest radiance,LAMBEN · LAMBA · STILBON,Latin,2
Largesse,Generosity / Abundance / Noble Giving,"*sleg- (loose, slack)",—,—,—,largesse,largus (abundant),—,megalodōria (μεγαλοδωρία),largesse,audārya (औदार्य),—,—,—,—,"Latin largus=abundant, plentiful; the noble giving of abundance with open hands",LARG · LARGIS · MEGALDO,French/Latin,2
Legacy,Heritage / Inheritance / What Endures,"*leg-1 (to gather, collect)",—,—,—,legacie,legatum,—,klēronomia (κληρονομία),legs,parampara (परम्परा),—,—,—,—,"Latin legare=to send, bequeath; what is gathered and sent forward through time",LEGAC · LEGATUM · KLEROM,Latin,3
Liberation,Freedom / Release / Emancipation,"*leudh-2 (to mount up, grow)",—,—,—,liberacioun,liberatio,—,eleutherōsis (ἐλευθέρωσις),libération,mokṣa (मोक्ष),—,—,—,—,Latin liber=free; the free person as one who grows upward; freedom as organic growth,LIBER · LIBERIS · ELEUTHER,Latin,4
Life,Living / Existence / Vitality,"*leip- (to stick, adhere; persist)",*lībą,lif,líf,lyf,vita,—,zōē (ζωή),—,jīvana (जीवन),—,—,hayyim (חַיִּים),bith (Old Irish),Pure Old English; the most primary word; the root of all living and surviving,LIF · LYFE · ZOEN,Germanic,1
Lifeforce,Vital Energy / Animating Power,*leip- + *bhergh-,*lībą + *kraftiz,lif + cræft,líf + kraptr,lyfforce,vita + vis,—,zōē + dynamis,—,prāṇa (प्राण),—,—,—,—,Germanic compound; the force that animates all living matter; parallel to Sanskrit prāṇa,LIFECR · LYFKR · ZOEDYN,Germanic,2
Lucent,Glowing / Clear / Shining,"*leuk- (light, brightness)",—,—,—,lucent,lucens,—,lampros (λαμπρός),luisant,prakāśa (प्रकाश),—,—,—,—,"Latin lucere=to shine; lucent=actively shining with clear, translucent light",LUCEN · LUCIS · LAMPROS,Latin,2
Luminary,Leader / Light-giver / Beacon,"*leuk- (light, brightness)",—,—,—,luminarie,—,luminarium,phōstēr (φωστήρ),luminaire,jyotiṣa (ज्योतिष),—,—,—,—,Medieval Latin luminarium; a body that gives light; extended to mean one who illuminates minds,LUMIN · LUMINAR · PHOTER,Latin,4
Luminosity,Radiance / Brightness / Glow,"*leuk- (light, brightness)",—,—,—,luminosite,luminosus,—,phōteinos (φωτεινός),luminosité,dīptimattā (दीप्तिमत्ता),—,—,—,—,Latin luminosus=full of light; the measurable quality and intensity of light output,LUMINOS · LUMINIK · PHOTIN,Latin,5
Magnanimity,Great-spiritedness / Generosity of Soul,*meg- (great) + *ane-1 (breathe),—,—,—,magnanymyte,magnanimitas,—,megalopsychia (μεγαλοψυχία),magnanimité,mahattva (महत्त्व),—,—,—,—,Latin magnus+animus=great-souled; Aristotle's megalopsychia=the ideal greatness of the proper soul,MAGNAN · MAGNANIMIS · MEGALO,Latin,5
Magnificence,Splendor / Greatness / Grandeur,*meg- (great),—,—,—,magnificence,magnificentia,—,megaloprepeia (μεγαλοπρέπεια),magnificence,mahiman (महिमन्),—,—,—,—,Latin magnus+facere=to make great; the making or showing of greatness in visible form,MAGNIFIC · MAGNIFIS · MEGALPRE,Latin,4
Majesty,Greatness / Dignity / Sovereign Power,*meg- (great),—,—,—,majeste,majestas,—,megaleiotes (μεγαλειότης),majesté,prabhāva (प्रभाव),—,—,—,—,Latin majestas from major=greater; formal greatness of sovereign power and presence,MAJESTAS · MAJESTIS · MEGALIS,French/Latin,3
Manifest,Evident / Made Real / Visible,*man-2 (hand) + *dhers-,—,—,—,manifeste,manifestus,—,emphanēs (ἐμφανής),manifeste,pratyakṣa (प्रत्यक्ष),—,—,—,—,Latin manus+festus=struck by hand; caught in the act; made tangibly undeniable,MANIF · MANIFES · EMPHANE,Latin,3
Manna,Divine Gift / Miraculous Sustenance,—,—,—,—,manna,manna,—,manna (μάννα),manne,—,mann (مَنّ),—,mānnā (מָן),—,Hebrew mānnā='What is it?'; the miraculous food; the gift that comes without explanation,MANNA · MANNO · MANNIS,Hebrew,2
Mastery,Skill / Command / Excellence,*meg- (great),—,—,—,maistrie,magisterium,—,archē (ἀρχή),maîtrise,niṣṇātatā (निष्णातता),—,—,—,—,Latin magister=great-one (mag+ister); mastery=being the great one; excellence of command,MAISTRE · MAGIST · ARCHON,French/Latin,3
Metamorphic,Transforming / Changing Form,*wer-3 (to turn) + *morph-,—,—,—,metamorphik,—,—,metamorphikos (μεταμορφικός),métamorphique,rūpāntarita (रूपान्तरित),—,—,—,—,Greek meta+morphē=beyond-form; transformation through change of essential shape,METAMOR · MORPHON · RUPANT,Greek,4
Miraculous,Wonderful / Astonishing / Beyond Nature,"*smei- (to smile, be amazed)",—,—,—,miraculouse,—,miraculosus,thaumasios (θαυμάσιος),miraculeux,atiśaya (अतिशय),—,—,—,—,Latin mirari=to wonder at; mirus=wonderful; wonder that exceeds natural explanation,MIRACUL · MIRANDUS · THAUMAS,Latin,4
Mobilize,Activate / Put in Motion,"*meue-1 (to push away, move)",—,—,—,mobilisen,mobilis,—,kinēsis (κίνησις),mobiliser,sacal (सचल),—,—,—,—,Latin mobilis=movable; from movere=to move; the act of putting into coordinated motion,MOBIL · MOBILAK · KINESIS,French/Latin,3
Moksha,Liberation / Spiritual Freedom,*√muc (to release),—,—,—,—,—,—,—,—,mokṣa (मोक्ष),—,—,—,—,Sanskrit root √muc=to release; the final liberation from the cycle of existence; ultimate freedom,MOKSHA · MUKTIS · MOKSHIN,Sanskrit,2
Momentum,Force / Impetus / Movement,"*meue-1 (to push away, move)",—,—,—,momentum,momentum,—,ormē (ὁρμή),—,āvega (आवेग),—,—,—,—,"Latin momentum=movement, influence; mass × velocity of a moving body or a building idea",MOMENT · MOMENTIS · ORMEON,Latin,3
Munificence,Generous Giving / Largesse,"*mei-1 (to change, exchange)",—,—,—,munificence,munificentia,—,philodōria (φιλοδωρία),munificence,audārya (औदार्य),—,—,—,—,Latin munus+facere=to make/give gifts as duty; generosity as a noble obligation,MUNIFIC · MUNERIS · PHILOD,Latin,4
Mutualism,Reciprocity / Interdependence,"*mei-1 (to change, exchange)",—,—,—,mutualisme,mutuus (reciprocal),—,allēlepidrasis (ἀλληλεπίδραση),mutualisme,parasparāyatana (परस्परायतन),—,—,—,—,Latin mutare=to exchange; mutuus=reciprocal; mutual exchange as ecological principle,MUTUAL · MUTUAK · ALLEL,Latin,4
Nirvana,Extinction / Bliss / Peace,*wē-2 (to blow) + nir- (out),—,—,—,—,—,—,—,—,nirvāṇa (निर्वाण),—,—,—,—,Sanskrit nir+vā=blown out; the extinguishing of the ego-flame; ultimate peace beyond desire,NIRVAN · NIRVANI · SANTHIS,Sanskrit,3
Noosphere,Mind-sphere / Collective Consciousness,*gnō- (to know) + *sphairo-,—,—,—,—,—,—,noos + sphaira (νόος + σφαῖρα),noosphère,—,—,—,—,—,Coined by Teilhard de Chardin; Greek noos (mind) + sphaira (sphere); the sphere of human thought,NOOSPH · NOIKON · GNOMON,Greek (modern),3
Nourishment,Feeding / Sustaining / Growing,"*pa- (to protect, feed)",—,—,—,norissement,nutrimentum,—,trophē (τροφή),nourriture,poṣaṇa (पोषण),—,—,—,—,"Latin nutrire=to suckle, nourish; the feeding that sustains and enables growth",NOURIS · NUTRIT · TROPHON,French/Latin,3
Olympian,Divine / Supreme / Godlike / Transcendent,—,—,—,—,olimpian,—,—,Olympios (Ὀλύμπιος),olympien,deva-sama (देवसम),—,—,—,—,"From Mount Olympus, home of the gods; the divine, sky-dwelling, unbound power",OLYMP · OLIMPOS · DEVON,Greek,4
Optimism,Hope / Best-expectation / Positive Vision,"*op-1 (to work, produce)",—,—,—,optimisme,optimum (the best),—,elpis (ἐλπίς),optimisme,āśāvāda (आशावाद),—,—,—,—,Latin optimus=best; the philosophical belief that the best outcome is probable,OPTIM · OPTIMIS · ELPIST,Latin,4
Optimization,Perfecting / Best-making / Refining,"*op-1 (to work, produce)",—,—,—,—,—,optimizare,—,optimisation,sarvottamatā (सर्वोत्तमता),—,—,—,—,Making the best possible version; extracting the maximum from a given set of conditions,OPTIMA · OPTIMAK · ARISTON,Latin,5
Orchestration,Coordination / Arrangement / Choreography,*orkh- (to dance),—,—,—,orchestracioun,—,—,orkhēstra (ὀρχήστρα),orchestration,—,—,—,—,—,Greek orkhesthai=to dance; orchestra=dancing place; coordination as choreography of parts,ORCHEST · ORKHEON · ARKHOS,Greek,4
Organisms,Living Systems / Life-forms,*werg-1 (to work) via organon,—,—,—,organismes,—,—,organismos (ὀργανισμός),organismes,jīva (जीव),—,—,—,—,"Greek organon=instrument, tool; organism=a living instrument that works itself",ORGAN · ORGANIS · JIVON,Greek,4
Overcome,Conquer / Prevail / Surmount,*uper- (over) + *gwa- (to go),*uber + *kwemaną,ofercuman,yfir-koma,overcome,—,—,—,—,vijaya (विजय),—,—,—,—,Pure Old English/Germanic compound; to come over something; to prevail through presence,OVERCUM · YFIRKOMA · UBERK,Germanic,3
Panacea,Universal Cure / Total Solution,*pant- (all) + *ak- (heal),—,—,—,panacea,panacea,—,panakeia (πανάκεια),panacée,sarvauṣadha (सर्वौषध),—,—,—,—,Greek pan+akeia=all-healing; the mythical herb that cures every ill; the perfect solution,PANAC · AKEIA · SARVOSH,Greek,4
Panache,Flair / Style / Bold Elegance,"*pet-1 (to rush, fly)",—,—,—,—,—,—,—,panache (plume),—,—,—,—,—,French from Italian pennacchio=plume; the helmet-feather as symbol of daring and vivid style,PANACH · PENNAC · PLUMER,French/Italian,2
Paradise,Heaven / Ideal Place / Garden,*pari- (around) + *dheigh- (build),—,—,—,paradis,paradisus,—,paradeisos (παράδεισος),paradis,svarga (स्वर्ग),firdaws (فِرْدَوْس),pairidaēza (پَيرِی‌دَئِزَه),pardes (פַּרְדֵּס),—,Old Iranian pairidaēza=walled garden enclosure; paradise as the original protected garden,PARADEIS · DAEZA · PARDISH,Persian/Greek,3
Paragon,Ideal / Perfect Example / Standard,"*ak- (sharp, pointed)",—,—,—,paragon,—,—,parakonē (παρακονή),parangon,ādarśa (आदर्श),—,—,—,—,Greek parakone=whetstone; the standard against which all else is sharpened; the ideal form,PARAGON · PARAKONE · AKONIX,Greek/Italian,3
Partnership,Alliance / Collaboration / Sharing,"*per-1 (to grant, allot)",—,—,—,partnershippe,—,—,koinōnia (κοινωνία),partenariat,sāhacārya (साहचार्य),—,—,—,—,Latin pars=part; partnership=the holding of parts together; mutual portion-holding,PARTNE · PARTIS · KOINON,Latin/Germanic,3
Pellucid,Clear / Transparent / Luminous,"*leuk- (light, brightness)",—,—,—,pellucide,pellucidus,—,diaphanes (διαφανής),pellucide,svaccha (स्वच्छ),—,—,—,—,Latin per+lucere=to shine through completely; perfectly transparent and clear,PELLUC · LUCIDUS · DIAPH,Latin,3
Perseverance,Persistence / Steadfastness,"*sewer-2 (severe, strict)",—,—,—,perseveraunce,perseverantia,—,hypomonē (ὑπομονή),persévérance,dhṛti (धृति),—,—,—,—,Latin per+severare=to remain strict and true throughout; steadfast adherence to purpose,PERSEV · SEVERAR · HYPOMON,Latin,4
Pinnacle,Summit / Peak / Highest Point,"*pet-1 (to rush, fly)",—,—,—,pinacle,—,pinnaculum,akra (ἄκρα),pinacle,agra (अग्र),—,—,—,—,"Latin pinna=feather, wing, battlement; pinnaculum=little peak; the highest pointed tip",PINNAC · PINNAKUL · AKROX,Latin/French,3
Pioneer,Trailblazer / First-mover / Leader,*ped-1 (foot),—,—,—,pionier,—,pedone (foot soldier),—,pionnier,agraja (अग्रज),—,—,—,—,French pionnier=foot soldier going ahead; the one who first clears the path on foot,PIOYN · PEDONE · AGRAJA,French/Latin,3
Pioneering,Trailblazing / Path-making / First,*ped-1 (foot),—,—,—,—,—,—,—,—,—,—,—,—,—,Present participle of pioneer; the active act of going first and clearing the way for others,PIONYR · PEDONIS · AGRAJ,French/Latin,4
Plenitude,Fullness / Abundance / Completeness,*pleh₁- (to fill),—,—,—,plenitude,plenitudo,—,plēthōra (πληθώρα),plénitude,pūrṇatā (पूर्णता),—,—,—,—,Latin plenus=full; plenitude=the state of being completely full to overflowing,PLENIT · PLENITUDO · PLETHON,Latin,3
Potential,Possibility / Latent Power,"*poti- (powerful, lord)",—,—,—,potencial,potentialis,—,dynamis (δύναμις),potentiel,śakti (शक्ति),—,—,—,—,Latin potentia=power; potential=what is possible for a thing by its very nature,POTENT · POTENIS · DYNAMOS,Latin,3
Precision,Exactness / Accuracy / Sharp Focus,"*skei- (to cut, separate)",—,—,—,precisioun,praecisio,—,akribeia (ἀκρίβεια),précision,sūkṣmatā (सूक्ष्मता),—,—,—,—,Latin prae+caedere=to cut before; precision as the cutting away of all that is excess,PRECIS · PRAECIS · AKRIBON,Latin,3
Preeminent,Supreme / Outstanding / Foremost,"*men-2 (to project, stand out)",—,—,—,preminente,praeminens,—,hyperechōn (ὑπερέχων),prééminent,agragaṇya (अग्रगण्य),—,—,—,—,Latin prae+eminere=to project forward; standing out demonstrably above and before all others,PREEM · PRAEMEN · HYPERE,Latin,4
Prevail,Succeed / Overcome / Be Stronger,*wal-2 (to be strong),—,—,—,prevailen,praevalere,—,kratein (κρατεῖν),prévaloir,vijaya (विजय),—,—,—,—,Latin prae+valere=to be stronger in front; prevailing through sheer superior strength,PREVAL · VALERIS · KRATON,Latin,2
Productivity,Output / Effectiveness / Growth,"*deuk- (to lead, produce)",—,—,—,productivite,productivitas,—,energeia (ἐνέργεια),productivité,utpādakatā (उत्पादकता),—,—,—,—,Latin producere=to lead forward; leading resources forward and onward into output,PRODUC · PRODUCTIS · ENERG,Latin,5
Progress,Advance / Forward Motion / Growth,"*ghredh- (to walk, go)",—,—,—,progres,progressus,—,epibasis (ἐπίβασις),progrès,pragati (प्रगति),—,—,—,—,Latin pro+gradi=to step forward; progress as the sequential stepping toward a chosen goal,PROGRES · GRADUS · EPIBAS,Latin,2
Promethean,Bold / Creative / Fire-bringing,*men-4 (to think) + pro-,—,—,—,promethean,—,—,Promētheus (Προμηθεύς),prométhéen,—,—,—,—,—,Greek pro+manthanein=forethought; Prometheus stole fire for humanity; creative defiance of limits,PROMET · MANTHEUS · FORET,Greek,4
Prosper,Succeed / Flourish / Thrive,"*spe-2 (to thrive, prosper)",—,—,—,prosperen,prosperare,—,eutuchein (εὐτυχεῖν),prospérer,samṛddha (समृद्ध),—,—,—,—,Latin prosper=favorable; pro+spes=according to hope; to move in the direction of hope,PROSP · SPERAN · EUTYCH,Latin,2
Prosperity,Wealth / Flourishing / Well-being,"*spe-2 (to thrive, prosper)",—,—,—,prosperite,prosperitas,—,euthumia (εὐθυμία),prospérité,samṛddhi (समृद्धि),—,—,—,—,Latin prosperitas; the quality of things unfolding according to hope and expectation,PROSPER · PROSPERIS · EUTYM,Latin,4
Protection,Defense / Guarding / Safety,"*steg-2 (to cover, thatch)",—,—,—,proteccioun,protectio,—,skepē (σκέπη),protection,rakṣā (रक्षा),—,—,—,—,Latin pro+tegere=to cover in front; protection as a forward-placed covering shield,PROTEC · TECTIS · SKEPON,Latin,3
Purpose,Aim / Intention / Direction,*apo- + *po(i)- (to put),—,—,—,purpos,propositum,—,skopos (σκοπός),propos,lakṣya (लक्ष्य),—,—,—,—,Via French purpos from Latin pro+positum=that which is placed before; a set intention,PURPOS · PROPOS · SKOPOS,French/Latin,2
Quintessence,Fifth Element / Pure Essence,*penkwe (five) + *es- (to be),—,—,—,quintessence,quinta essentia,—,pemptē ousia (πέμπτη οὐσία),quinte-essence,pañcatattva (पञ्चतत्त्व),—,—,—,—,Medieval Latin quinta essentia=fifth essence; beyond the four elements; concentrated pure reality,QUINTES · ESSENTIS · PEMPTE,Latin,4
Quintessential,Purest Form / Most Typical,*penkwe (five) + *es- (to be),—,—,—,quintessential,quinta essentia,—,—,quintessentiel,—,—,—,—,—,Adjective of quintessence; embodying the purest and most concentrated form of something,QUINTESSEL · ESSENT · PURES,Latin,5
Radiance,Light / Brightness / Emanating Glow,"*ret-2 (to run, roll)",—,—,—,radiance,radiantia,—,aktis (ἀκτίς),radiance,prabhā (प्रभा),—,—,—,—,"Latin radius=ray, spoke; radiantia=the streaming of rays outward in all directions",RADIAN · RADIIS · AKTINOS,Latin,3
Rapture,Ecstasy / Seizing Joy / Transport,*rep- (to snatch),—,—,—,rapture,raptura,—,harpagē (ἁρπαγή),ravissement,harṣāvega (हर्षावेग),—,—,—,—,Latin rapere=to seize; rapture=being seized and carried away by overwhelming joy,RAPTUR · RAPTIS · HARPAG,Latin,2
Realization,Making Real / Achieving / Fulfilling,"*rei-2 (property, thing)",—,—,—,realizacioun,—,realizatio,entelecheia (ἐντελέχεια),réalisation,sākṣātkāra (साक्षात्कार),—,—,—,—,Latin res=thing; realization=making a thing real from potential; bringing vision into being,REALIZ · REALIS · ENTELEC,Latin,5
Refulgent,Brilliant / Gleaming / Radiating,"*bhel-1 (to shine, flash)",—,—,—,refulgent,—,refulgere,analampon (ἀναλάμπον),—,bhāsvara (भास्वर),—,—,—,—,Latin re+fulgere=to shine back; the reflected and redirected flash of full brilliance,REFULG · FULGORE · ANALAMP,Latin,3
Regeneration,Rebirth / Renewal / New Life,"*gen- (to give birth, beget)",—,—,—,regeneracioun,regeneratio,—,palingenesia (παλιγγενεσία),régénération,punarjanma (पुनर्जन्म),—,—,—,—,Latin re+generare=to beget again; new birth arising from former life; cyclical renewal,REGENER · GENERIS · PALING,Latin,5
Renaissance,Rebirth / Revival / Cultural Renewal,"*gen- (to give birth, beget)",—,—,—,renaissance,renascentia,—,anabiōsis (ἀναβίωσις),renaissance,punarjīvana (पुनर्जीवन),—,—,—,—,French renaissance=rebirth; Latin renasci=to be born again; spiritual and cultural rebirth,RENAIS · NASCIS · ANABIOX,French/Latin,3
Renewal,Restoration / Freshening / New Again,*newo- (new),—,—,—,renewel,renovatio,—,ananeōsis (ἀνανέωσις),renouvellement,navīkaraṇa (नवीकरण),—,—,—,—,Latin re+novus=new again; the making fresh of what had grown old or worn,RENEW · NOVATIO · ANANEOS,Latin/Germanic,3
Resilience,Rebounding / Elasticity / Recovery,"*sel-4 (to jump, leap)",—,—,—,resilience,—,resilire,anakinēsis (ἀνακίνησις),résilience,pratyāsthāna (प्रत्यास्थान),—,—,—,—,Latin re+salire=to spring back; the elastic rebound after being pressed or broken,RESIL · SALIRE · ANAKIN,Latin,4
Resolve,Determination / Will / Decision,*leu-1 (to loosen),—,—,—,resolven,resolvere,—,krisis (κρίσις),résoudre,saṅkalpa (संकल्प),—,—,—,—,Latin re+solvere=to loosen again; a problem resolved=untangled; decision as clarity through release,RESOLV · SOLVERE · KRISIS,Latin,2
Resonance,Echo / Harmony / Vibration,*swen-2 (to sound),—,—,—,resonance,resonantia,—,antēchēsis (ἀντήχησις),résonance,pratidhvani (प्रतिध्वनि),—,—,—,—,Latin re+sonare=to sound again; vibration that echoes back in sympathetic harmony,RESON · SONARE · ANTECHOS,Latin,3
Resplendent,Brilliant / Glorious / Shining,*spel-1 (to shine),—,—,—,resplendent,—,resplendere,eklampon (ἐκλάμπον),resplendissant,tejasvin (तेजस्विन्),—,—,—,—,Latin re+splendere=to shine back with full glory; radiating brilliance outward in all directions,RESPLEND · SPLENDOR · EKLAMN,Latin,3
Revelation,Unveiling / Disclosure / Discovery,*kel-4 (to cover) neg.,—,—,—,revelacioun,revelatio,—,apokalupsis (ἀποκάλυψις),révélation,prakāśana (प्रकाशन),—,—,gālāh (גָּלָה),—,Hebrew gālāh and Greek apokalupsis both=uncovering; lifting the veil from what was hidden,REVEAL · VELAMEN · APOKAL,Latin/Hebrew,4
Sagacity,Wisdom / Keen Perception / Sharp Mind,"*sag- (to seek out, perceive)",—,—,—,sagacite,sagacitas,—,phronēsis (φρόνησις),sagacité,viveka (विवेक),—,—,—,—,Latin sagax=of keen scent; sagacity as tracking wisdom like a hound hunts by nose,SAGAC · SAGACIS · PHRONES,Latin,4
Samadhi,Deep Meditation / Union / Stillness,"*dhē-1 (to put, place)",—,—,—,—,—,—,—,—,samādhi (समाधि),—,—,—,—,Sanskrit sam+ā+dhā=complete placing together; the complete settling of mind into perfect stillness,SAMADH · SAMADHIS · DHANUS,Sanskrit,3
Satori,Sudden Awakening / Insight / Clarity,—,—,—,—,—,—,—,—,—,satori (悟り),—,—,—,—,Japanese satoru=to understand suddenly; Zen Buddhist sudden awakening and seeing-through,SATORI · SATORU · ZENSHO,Japanese,3
Scintillating,Sparkling / Brilliant / Vivid,"*sken-2 (to cut, leap)",—,—,—,scintillant,scintillare,—,stilbōn (στίλβων),scintillant,—,—,—,—,—,Latin scintilla=spark; to scintillate=to emit rapid sparks; brilliant wit as mental sparking,SCINT · SCINTILL · STILBON,Latin,4
Seminal,Founding / Generative / Seed-like,*sē-1 (to sow),—,—,—,seminal,seminalis,—,spermatikos (σπερματικός),séminal,bījabhūta (बीजभूत),—,—,zera' (זֶרַע),—,Latin semen=seed; seminal=of or like seed; ideas that plant themselves and grow invisibly,SEMIN · SEMINIS · SPERMIK,Latin,3
Seraphic,Heavenly / Burning / Divinely Pure,—,—,—,—,seraphic,—,—,—,séraphique,—,—,—,śərāp̄îm (שְׂרָפִים),—,Hebrew śāraph=to burn; seraphim=the burning ones; angelic fire as the quality of purification,SERAPH · SARAPH · SERAPHIN,Hebrew,3
Serenity,Calm / Stillness / Peace / Clear Sky,"*ksei-1 (to burn, shine; serene sky)",—,—,—,serenite,serenitas,—,galēnē (γαλήνη),sérénité,śāntatā (शान्तता),—,—,—,—,"Latin serenus=clear, calm sky; serenity=the undisturbed clarity of perfect open sky",SEREN · SERENUS · GALENE,Latin,4
Skill,Ability / Mastery / Craft,"*skel-1 (to cut, divide)",*skillją,—,"skil (distinction, discernment)",skille,"ars, calliditas",—,technē (τέχνη),—,kauśala (कौशल),—,—,—,—,Old Norse skil=distinction; skill=the ability to cut fine distinctions; discernment made dexterous,SKIL · SKILJA · TECHON,Norse,1
Sovereign,Supreme / Independent / Royal,*uper (over),—,—,—,soveraigne,—,superanus,autokratōr (αὐτοκράτωρ),soverain,rājan (राजन्),—,—,—,—,Vulgar Latin superanus=the one above all; sovereignty as being above every constraint,SOVRAN · SUPERAN · AUTOKR,French/Latin,3
Sovereignty,Supreme Power / Self-rule / Authority,*uper (over),—,—,—,soverainete,—,—,kyriotes (κυριότης),souveraineté,sārvasvā (सार्वस्व),—,—,—,—,The quality of being sovereign; absolute authority and complete self-determination,SOVRANTY · SUPRANIS · KYRIO,French/Latin,4
Splendor,Brilliance / Magnificence / Glory,*spel-1 (to shine),—,—,—,splendour,splendor,—,lampotēs (λαμπότης),splendeur,pratāpa (प्रताप),—,—,—,—,Latin splendere=to shine; splendor=the quality of shining brilliantly; visual magnificence,SPLEND · SPLENDOR · LAMPOS,Latin,2
Sprint,Fast Run / Burst of Speed,*sprengh- (to move hastily),*sprentan,—,sprinta (to sprint),sprenten,—,—,—,—,—,—,—,—,—,Old Norse/Middle Low German; a short maximal burst of speed; Germanic speed-word,SPRINT · SPRINTA · SPRENGUR,Germanic/Norse,1
Stewardship,Care / Management / Trusted Guardianship,"*wer-4 (to perceive, watch)",*wardaz,stīweard (hall-ward),—,stewardshipe,—,—,oikonomia (οἰκονομία),—,gṛhasthya (गृहस्थ्य),—,—,—,—,Old English stī+weard=hall-guardian; the trusted keeper of an inner space,STEWARD · STIWARD · OIKNO,Germanic,3
Strength,Power / Force / Vigor,"*strenk- (tight, narrow, firm)",*strengiz,strengþu / strencþ,styrkr (strength),strencthe,robur,—,alkē (ἀλκή),—,bala (बल),—,—,—,—,Pure Old English root; tight-coiled tension becoming force; the most native English power-word,STRENG · STRENGR · STYRKIN,Germanic,1
Success,Achievement / Favorable Outcome,"*ked-1 (to go, yield)",—,—,—,succes,successus,—,eutychia (εὐτυχία),succès,safala (सफल),—,—,—,—,Latin sub+cedere=to come after; success=the good result that follows from the effort,SUCCES · CESSOR · EUTYCH,Latin,2
Summit,Peak / Highest Point / Crown,"*uper (over, above)",—,—,—,somet,summum,—,koruphē (κορυφή),sommet,śikhara (शिखर),—,—,—,—,Latin summum=the highest; the mathematical supremum; the absolute crown of a form,SUMMIT · SUMMUM · KORUPH,French/Latin,2
Summum,Highest / Supreme Good,"*uper (over, above)",—,—,—,summum,summum bonum,—,to ariston (τὸ ἄριστον),—,paramamaṅgala (परममंगल),—,—,—,—,Latin summum bonum=the highest good; philosophical term for the ultimate value,SUMMUM · SUMMUS · ARISTON,Latin,2
Supernal,Heavenly / Above / Divine,"*uper (over, above)",—,—,—,supernal,—,supernalis,ouranios (οὐράνιος),suprême,divya (दिव्य),—,—,—,—,Medieval Latin supernalis from super=above; of the realm above; divine elevation of quality,SUPERN · SUPERNUS · OURANX,Latin,3
Superorganism,Collective Being / Meta-entity,*uper (over) + *werg-1,—,—,—,—,—,—,hyperorganismos (ὑπερόργανισμός),superorganisme,mahājīva (महाजीव),—,—,—,—,Latin super + Greek organism; an organism made of organisms; collective intelligence as life,SUPERORG · HYPERJIV · MEGORG,Latin/Greek,5
Support,Hold / Sustain / Help / Uplift,*per-1 (to carry through),—,—,—,supporte,—,supportare,hyposterizō (ὑποστηρίζω),supporter,ādhāra (आधार),—,—,—,—,Latin sub+portare=to carry from below; support as holding from underneath,SUPPOR · PORTARE · HYPOST,Latin,2
Swiftness,Speed / Quickness / Agility,"*swei-2 (to bend, swerve)",*swiftaz,swift,—,swiftnesse,velocitas,—,tachytes (ταχύτης),—,tīvratā (तीव्रता),—,—,—,—,Old English swift; the bending/curving motion of something moving at high speed,SWIFT · SWYFTE · TACHOS,Germanic,2
Symbiosis,Mutual Living / Interdependence,*gwei- (to live),—,—,—,symbiose,—,—,symbiōsis (συμβίωσις),symbiose,sahajīvana (सहजीवन),—,—,—,—,Greek sym+biōsis=living together; coined 1879 by Heinrich Anton de Bary; mutual benefit,SYMBIO · SYMBIOX · SAHAJIV,Greek,4
Synthesis,Combination / Unity-making,"*dhē-1 (to put, place)",—,—,—,synthese,—,—,synthesis (σύνθεσις),synthèse,samāhāra (समाहार),—,—,—,—,Greek syn+thesis=a placing together; the combination of separate parts into a new whole,SYNTH · SYNTHEIS · SAMAH,Greek,3
Synthesize,Combine / Integrate / Unify,"*dhē-1 (to put, place)",—,—,—,—,—,—,syntithenai (συντιθέναι),synthétiser,samāhṛ (समाहृ),—,—,—,—,Verb form of synthesis; to actively perform the synthesis of separate elements,SYNTHEZ · SYNTHET · SAMAHR,Greek,3
Telos,Purpose / End / Goal / Final Cause,"*kwel-1 (to revolve, complete)",—,—,—,telos,—,—,telos (τέλος),—,lakṣya (लक्ष्य),—,—,—,—,"Greek telos=end, completion, purpose; Aristotle's final cause; the 'why' of every thing",TELOS · TELIKON · TELOST,Greek,2
Thriving,Flourishing / Growing / Prospering,"*trep-2 (to turn, transform)",*þriban,—,"þrífa (to grasp, thrive)",thriving,—,—,—,—,samṛddha (समृद्ध),—,—,—,—,Old Norse þrífa=to grasp/seize; to thrive=to grasp growth; Viking word for prospering,THRIV · THRIFA · TRIFAN,Norse,2
Titanic,Immense / Overwhelming / Primal Power,—,—,—,—,titanic,—,—,Titanikos (Τιτανικός),titanique,—,—,—,—,—,"From the Titans, elder gods of Greek myth; pre-Olympian primal power; beyond human measure",TITAN · TITANIS · TITANIC,Greek,3
Trailblazer,Pioneer / Innovator / Pathfinder,*trag- + *bhel- (to shine),—,—,blesi (white mark),trailblazer,—,—,—,—,—,—,—,—,—,Old Norse blesi=white spot; blazing=marking trees with white cuts to show the path,TRAILBL · BLAZON · BLESIN,Germanic/Norse,3
Trailblazing,Pioneering / Path-making,*trag- + *bhel-,—,—,—,—,—,—,—,—,—,—,—,—,—,Active form of trailblazer; the continuous act of marking a new path for those who follow,TRAILBLAZ · BLASING · BLESK,Germanic/Norse,4
Transcend,Rise Above / Go Beyond / Surpass,"*skand- (to spring, climb)",—,—,—,transcenden,transcendere,—,hyperechein (ὑπερέχειν),transcender,atikrama (अतिक्रम),—,—,—,—,Latin trans+scandere=to climb across and over; ascending beyond all previous limits,TRANSCEN · SCANDIS · HYPEREX,Latin,2
Transcendence,Beyondness / Rising Above Limits,"*skand- (to spring, climb)",—,—,—,transcendence,transcendentia,—,hyperochē (ὑπεροχή),transcendance,atīndriya (अतीन्द्रिय),—,—,—,—,The state of transcending; being fundamentally beyond the limits of ordinary experience,TRANSCEND · SCANDENTIA · HYPERON,Latin,3
Transformation,Change / Metamorphosis / New Form,*bher-1 (to carry) + form-,—,—,—,transformacioun,transformatio,—,metamorphōsis (μεταμόρφωσις),transformation,pariṇāma (परिणाम),—,—,—,—,Latin trans+formare=to change shape across a threshold; carrying form through change,TRANSFORM · FORMATIO · METAMOR,Latin,4
Transformative,Change-making / Altering / Renewing,*bher-1 + form-,—,—,—,—,—,—,—,transformatif,pariṇāmī (परिणामी),—,—,—,—,Adjective of transformation; having the inherent capacity to fundamentally alter nature,TRANSFOR · FORMANS · MORPHIK,Latin,4
Triumph,Victory / Celebration / Conquest,*dhreibh-? / Etruscan,—,—,—,triumphe,triumphus,—,thriambos (θρίαμβος),triomphe,vijaya (विजय),—,—,—,—,Latin triumphus possibly from Etruscan or Greek thriambos (hymn to Dionysus); processional victory,TRIUMPH · TRIUMPHOR · THRIAM,Latin/Etruscan,2
Trust,Confidence / Faith / Reliance,"*deru- (firm, solid, oak, true)",*traustą,—,traust (confidence),trust,fides,—,pistis (πίστις),—,viśvāsa (विश्वास),—,—,—,—,Old Norse traust=confidence; trust as the firmness of oak wood; faith as durability,TRAUST · TRAUSTIR · PISTIS,Norse,1
Unassailable,Invincible / Secure / Impenetrable,*sel-4 (to jump) neg.,—,—,—,unassaillable,inexpugnabilis,—,aheires (ἄεirεs),inassaillable,atakṣya (अतक्ष्य),—,—,—,—,Old French assaillir=to jump upon; un+assailable=cannot be jumped upon or attacked,UNASSAL · SALIERENT · AHEIRES,French/Latin,5
Understanding,Comprehension / Grasp / Deep Knowing,*sta-1 (to stand),*standaną,understandan,skilja (to understand),understonden,intelligentia,—,synesis (σύνεσις),—,bodha (बोध),—,—,—,—,Old English understandan=to stand in the midst of; to understand by being surrounded by,UNDERST · STANDAN · SYNEIS,Germanic,4
Unify,Make One / Combine / Bring Together,*oi-no- (one),—,—,—,unifien,unificare,—,henoun (ἑνοῦν),unifier,ekīkaraṇa (एकीकरण),—,—,yāḥad (יָחַד),—,Latin unus+facere=to make one; the active combining of many into a single unity,UNIFY · UNIFIS · HENOUN,Latin,3
Unity,Oneness / Wholeness / Togetherness,*oi-no- (one),—,—,—,unite,unitas,—,henotes (ἑνότης),unité,ekatā (एकता),waḥda (وحدة),—,echad (אֶחָד),aon (Old Irish: one),"Latin unitas from unus=one; the PIE *oi-no gives one, unique, union, unit; primordial oneness",UNITY · UNITAK · HENOTES,Latin,3
Unparalleled,Matchless / Unique / Incomparable,*par- (equal),—,—,—,unparalleled,incomparabilis,—,asymmetros (ἀσύμμετρος),sans pareil,anupama (अनुपम),—,—,—,—,Latin un+parallelus=not beside the other; nothing runs alongside it; alone in its kind,UNPAR · PARALLAX · ANUPAM,Latin/Greek,4
Uplift,Elevate / Raise / Inspire / Lighten,*upo (up) + *legwh- (light),*up + *liftijaną,up + lyft (air),upp + lyfta,uplifte,—,—,—,—,unnati (उन्नति),—,—,—,—,Germanic compound; lyft=air/sky; the air beneath a thing raises it; uplift as buoyancy,UPLIFT · UPPLIFTE · UNNATI,Germanic,2
Utopia,Ideal / Perfect Place / Vision,*ou- (not) + *top- (place),—,—,—,—,—,—,outopia (οὐτοπία),utopie,—,—,—,—,—,Coined by Thomas More 1516; Greek ou+topos=no-place; the ideal that exists nowhere yet,UTOP · OUTOPIA · ATOPOS,Greek (coinage),3
Vanguard,Leading Edge / Forefront / First,"*wer-4 (perceive, watch) + ab ante",—,—,—,—,—,—,—,avant-garde,agragāmī (अग्रगामी),ṭalīʿa (طليعة),pīshāhang (پیشاهنگ),—,—,Middle French avant-garde=before-guard; those who go first to watch ahead for others,VANGRD · AVANGAR · AGRAGAM,French,2
Velocity,Speed / Swiftness / Rate of Motion,"*wel-3 (to turn, roll)",—,—,—,velocite,velocitas,—,tachytes (ταχύτης),vélocité,tīvragati (तीव्रगति),—,—,—,—,Latin velox=swift; possibly from volvere=to roll; speed imagined as rolling forward,VELOC · VELOX · TACHOS,Latin,4
Verdancy,Greenness / Freshness / Vitality,*wei-1 (to wither) neg.,—,—,—,verdauncy,viriditas,—,chlōrotēs (χλωρότης),verdeur,haritā (हरिता),—,—,—,—,Latin viridis=green; virere=to be green; fresh green as the visible color of living growth,VERDAN · VIRIDIS · CHLOROT,Latin,3
Verve,Enthusiasm / Energy / Spirited Flair,*wer-6 (to speak),—,—,—,—,verba (words),—,—,"verve (fancy, caprice)",ūrjā (ऊर्जा),—,—,—,—,French verve from Latin verba=words; verve=the inspired verbal spirit; energy as expression,VERVE · VERVAK · URJAS,French/Latin,1
Victory,Win / Triumph / Conquest,"*weik-3 (to fight, conquer)",—,—,—,victorie,victoria,—,nikē (νίκη),victoire,vijaya (विजय),—,—,—,—,Latin vincere=to conquer; victoria=goddess of victory; Greek Nike=same concept,VICTOR · VINCERE · NIKON,Latin,3
Vigor,Vitality / Energy / Liveliness,"*weg-1 (to be strong, lively)",—,—,—,vigour,vigor,—,tonos (τόνος),vigueur,ojas (ओजस्),—,—,—,—,Latin vigor from vigere=to be lively; the active liveliness present in a fully living body,VIGOR · VIGORIS · TONOS,Latin,2
Vision,Sight / Foresight / Dream / Ideal,*weid-1 (to see),—,—,—,visioun,visio,—,horasin (ὅρασιν),vision,dṛṣṭi (दृष्टि),ruʾya (رُؤْيَا),—,hazon (חָזוֹן),—,Latin videre=to see; Hebrew hazon=prophetic vision; sight as both physical and beyond-physical,VISIO · VIDERE · HORASIN,Latin,2
Visionary,Seer / Dreamer / Prophet / Pioneer,*weid-1 (to see),—,—,—,visionarye,—,—,prophētēs (προφήτης),visionnaire,dṛṣṭā (दृष्टा),—,—,nabī (נָבִיא),—,Extended form; one whose vision surpasses the ordinary and sees what does not yet exist,VISION · VIDEROS · PROPHET,Latin,4
Vitality,Life-force / Energy / Full Aliveness,*gwei- (to live),—,—,—,vitalite,vitalitas,—,zōē (ζωή),vitalité,prāṇa-śakti (प्राणशक्ति),—,—,hayyim (חַיִּים),—,Latin vita=life; vitality=the quality of being fully alive and thriving in every capacity,VITAL · VITALIS · ZOEIS,Latin,4
Vitalize,Energize / Bring to Life / Animate,*gwei- (to live),—,—,—,—,—,vitalizare,zōopoiein (ζῳοποιεῖν),vitaliser,prāṇita (प्राणित),—,—,—,—,Verb: to give life to; to fill with vital force; animating what was formerly inert,VITALIZ · VITANS · ZOOPOIX,Latin,3
Wholeness,Completeness / Health / Unity,"*kailo- (whole, uninjured, good omen)",*hailaz,"hāl (whole, healthy)","heill (whole, healthy)",holnesse,integritas,—,holoklēria (ὁλοκληρία),—,pūrṇatā (पूर्णता),—,—,—,—,"OE hāl; same root as hale, heal, health, holy; wholeness and holiness are a single root",HAELTH · HAILAZ · HOLOKL,Germanic,2
Wisdom,Knowledge / Understanding / Insight,"*weid-1 (to see, know)",*wissą,wīsdōm,vísdomr,wisdom,sapientia,—,sophia (σοφία),sapience,prajñā (प्रज्ञा),ḥikma (حِكْمَة),—,ḥokmāh (חָכְמָה),—,OE wīsdōm=knowledge-judgment; Greek sophia; Hebrew ḥokmāh; Sanskrit prajñā; all cultures named this,WISDO · VISDOME · SOPHIA,Germanic,2
Wondrous,Amazing / Marvelous / Astonishing,*wun-2 (to strive for),*wundrą,wundor (marvel),undr (wonder),wondrous,mirabilis,—,thaumasios (θαυμάσιος),merveilleux,āścarya (आश्चर्य),—,—,—,—,Pure Old English wundor; the striving toward that which exceeds explanation,WUNDR · WUNDRE · THAUMAX,Germanic,2
Zenith,Highest Point / Peak / Crown,—,—,—,—,cenyth,—,—,—,zénith,—,samt (سمت),—,—,—,Arabic samt ar-raʾs=direction of the head; the point directly overhead; the ultimate height,ZENIT · SAMTIR · SEMIT,Arabic,2